[
  {
    "id": "9145f721-78c4-4e65-9c8d-a38f2f42845a",
    "data": [
      {
        "text": "Could you help me find a time in ",
        "userDefined": false
      },
      {
        "text": "Sarah",
        "meta": "@sys.person",
        "alias": "person",
        "userDefined": false
      },
      {
        "text": "\u0027s schedule ",
        "userDefined": false
      },
      {
        "text": "next Thursday",
        "meta": "@sys.date-time",
        "alias": "date-time",
        "userDefined": false
      },
      {
        "text": "?",
        "userDefined": false
      }
    ],
    "isTemplate": false,
    "count": 0,
    "lang": "en",
    "updated": 0
  },
  {
    "id": "2a5a41fe-ead5-43cf-83c3-d04c3e7a35b5",
    "data": [
      {
        "text": "Is Gem available ",
        "userDefined": false
      },
      {
        "text": "next Monday",
        "meta": "@sys.date-time",
        "alias": "date-time",
        "userDefined": false
      },
      {
        "text": "?",
        "userDefined": false
      }
    ],
    "isTemplate": false,
    "count": 0,
    "lang": "en",
    "updated": 0
  },
  {
    "id": "6acddb61-1af6-4ef8-ac7a-3f2791894303",
    "data": [
      {
        "text": "When is ",
        "userDefined": false
      },
      {
        "text": "Sarah",
        "meta": "@sys.person",
        "alias": "person",
        "userDefined": false
      },
      {
        "text": "\u0027s next available time?",
        "userDefined": false
      }
    ],
    "isTemplate": false,
    "count": 0,
    "lang": "en",
    "updated": 0
  },
  {
    "id": "2fb9d9af-bc40-4283-9297-1bb753368225",
    "data": [
      {
        "text": "What time does ",
        "userDefined": false
      },
      {
        "text": "Tom",
        "meta": "@sys.person",
        "alias": "person",
        "userDefined": false
      },
      {
        "text": " have on ",
        "userDefined": false
      },
      {
        "text": "the 16th Jan",
        "meta": "@sys.date-time",
        "alias": "date-time",
        "userDefined": false
      },
      {
        "text": "?",
        "userDefined": false
      }
    ],
    "isTemplate": false,
    "count": 0,
    "lang": "en",
    "updated": 0
  },
  {
    "id": "5bce95f5-aba0-4e47-9d9c-87f3f8621377",
    "data": [
      {
        "text": "Is it possible to find out when ",
        "userDefined": false
      },
      {
        "text": "Harry",
        "meta": "@sys.person",
        "alias": "person",
        "userDefined": false
      },
      {
        "text": " is free for an appointment soon?",
        "userDefined": false
      }
    ],
    "isTemplate": false,
    "count": 0,
    "lang": "en",
    "updated": 0
  },
  {
    "id": "8fda7c5a-5897-479c-bb7b-0c40bd1fb08a",
    "data": [
      {
        "text": "What are the available slots for Dick?",
        "userDefined": false
      }
    ],
    "isTemplate": false,
    "count": 0,
    "lang": "en",
    "updated": 0
  }
]