[
  {
    "id": "f300210c-9dc2-4ee9-a569-b2d486358230",
    "data": [
      {
        "text": "could you help me book an appointment with ",
        "userDefined": false
      },
      {
        "text": "Tom",
        "meta": "@sys.person",
        "alias": "person",
        "userDefined": false
      },
      {
        "text": " at ",
        "userDefined": false
      },
      {
        "text": "14:00 on Saturday next week",
        "meta": "@sys.date-time",
        "alias": "date_time",
        "userDefined": true
      },
      {
        "text": " please",
        "userDefined": false
      }
    ],
    "isTemplate": false,
    "count": 0,
    "lang": "en",
    "updated": 0
  },
  {
    "id": "009ec1f9-64ca-4564-8594-394003bfd87e",
    "data": [
      {
        "text": "please book for ",
        "userDefined": false
      },
      {
        "text": "Friday 16:00",
        "meta": "@sys.date-time",
        "alias": "date_time",
        "userDefined": true
      }
    ],
    "isTemplate": false,
    "count": 0,
    "lang": "en",
    "updated": 0
  },
  {
    "id": "a6fe3903-fa1f-4680-82f2-029860d49682",
    "data": [
      {
        "text": "I\u0027d like to make a booking for ",
        "userDefined": false
      },
      {
        "text": "10 next Monday",
        "meta": "@sys.date-time",
        "alias": "date_time",
        "userDefined": true
      },
      {
        "text": " for ",
        "userDefined": false
      },
      {
        "text": "Gem",
        "meta": "@sys.person",
        "alias": "person",
        "userDefined": false
      },
      {
        "text": " please",
        "userDefined": false
      }
    ],
    "isTemplate": false,
    "count": 0,
    "lang": "en",
    "updated": 0
  },
  {
    "id": "1df273f2-9435-4ce9-8842-3f89054df20a",
    "data": [
      {
        "text": "can i make a booking for ",
        "userDefined": false
      },
      {
        "text": "13:00 tomorrow",
        "meta": "@sys.date-time",
        "alias": "date_time",
        "userDefined": true
      },
      {
        "text": " with ",
        "userDefined": false
      },
      {
        "text": "Tom",
        "meta": "@sys.person",
        "alias": "person",
        "userDefined": false
      },
      {
        "text": " please",
        "userDefined": false
      }
    ],
    "isTemplate": false,
    "count": 0,
    "lang": "en",
    "updated": 0
  }
]